feature,importance
outgoing_total_amount,0.30779422293547287
total_money_movement,0.22063531515913518
outgoing_max_amount,0.08579288510359974
outgoing_average_amount,0.05767838873009107
outgoing_std_amount,0.03137331688391537
median_outgoing_amount,0.027395582415010562
recent_average_amount,0.0238846066758382
historical_average_amount,0.022526274555223894
minimum_transaction_gap_minutes,0.018713309999305323
outgoing_min_amount,0.018514215979227037
amount_95th_percentile,0.01842925194704587
net_money_flow,0.01738039877021066
active_transaction_days,0.016590538721506787
incoming_outgoing_connection_ratio,0.015633248962262484
amount_75th_percentile,0.013679079737128385
transaction_frequency_change,0.01272644275298908
amount_variability,0.011498976073620406
incoming_outgoing_amount_ratio,0.010946808046270125
unique_receivers,0.010378543706205084
incoming_average_amount,0.01032794998073662
transactions_per_active_day,0.007487529574607167
incoming_max_amount,0.006997494998605182
unique_outgoing_accounts,0.006329366145580807
active_period_days,0.005892363151447897
total_transaction_count,0.005476217283037624
incoming_total_amount,0.004361102123009249
outgoing_transaction_count,0.002769638495128212
amount_deviation_ratio,0.002607951462604603
unique_incoming_accounts,0.0022720490202694276
historical_transaction_count,0.0017332111778194433
unique_senders,0.0014057249385288587
recent_transaction_count,0.0004768100596024192
incoming_transaction_count,0.0002523276438255391
rapid_transaction_count,3.885679113890085e-05
rapid_transaction_ratio,0.0
